{"cameraMode":{"drawMode":0,"name":"Shaded","section":"Shading Mode"},"sceneLighting":true,"audioPlay":false,"sceneViewState":{"showFog":true,"showMaterialUpdate":false,"showSkybox":true,"showFlares":true,"showImageEffects":true,"showParticleSystems":true},"in2DMode":false,"pivot":{"x":-3.801666259765625,"y":1.5782965421676636,"z":18.910764694213868},"rotation":{"x":0.034138698130846027,"y":0.7788152694702148,"z":0.042552296072244647,"w":-0.6248764991760254},"size":11.04359245300293,"orthographic":false}